,MAE,MSE,RMSE,R2,set,modelo
0,1.1897260407121202,2.446810373948214,1.564228363746232,0.899903080925805,test,Linear Regresion
1,1.1409678372724772,2.2975760192117924,1.5157757153391107,0.902692327694628,train,LinearRegression
0,1.3636660469319892,4.126975678231441,2.031495921293331,0.831168955762386,test,Decission Tree I
1,1.920586705545751e-18,7.084670866853046e-34,2.661704504044926e-17,1.0,train,Decission Tree I
0,1.5537923570493395,4.122862313857097,2.030483271011386,0.8313372299798265,test,Decision tree II
1,1.3009130435532008,2.9235429077600306,1.7098370997729668,0.876181178398353,train,Decision tree II
