,MAE,MSE,RMSE,R2,set,modelo
0,1.2237139170183973,2.6226023908230793,1.6194450873132684,0.8927115799111107,test,Linear Regresion
1,1.1491300519078333,2.340237264998412,1.5297834046028909,0.9008855250076087,train,LinearRegression
