,MAE,MSE,RMSE,R2,set,modelo
0,1.1897260407121202,2.446810373948214,1.564228363746232,0.899903080925805,test,Linear Regresion
1,1.1409678372724772,2.2975760192117924,1.5157757153391107,0.902692327694628,train,LinearRegression
